{
  "__type__": "cc.SpriteFrame",
  "content": {
    "name": "Defeat",
    "atlas": "",
    "rect": {
      "x": 0,
      "y": 2,
      "width": 249,
      "height": 90
    },
    "offset": {
      "x": -1,
      "y": 2
    },
    "originalSize": {
      "width": 251,
      "height": 98
    },
    "rotated": false,
    "capInsets": [
      0,
      0,
      0,
      0
    ],
    "vertices": {
      "rawPosition": [
        -124.5,
        -45,
        0,
        124.5,
        -45,
        0,
        -124.5,
        45,
        0,
        124.5,
        45,
        0
      ],
      "indexes": [
        0,
        1,
        2,
        2,
        1,
        3
      ],
      "uv": [
        0,
        96,
        249,
        96,
        0,
        6,
        249,
        6
      ],
      "nuv": [
        0,
        0.061224489795918366,
        0.9920318725099602,
        0.061224489795918366,
        0,
        0.9795918367346939,
        0.9920318725099602,
        0.9795918367346939
      ],
      "minPos": {
        "x": -124.5,
        "y": -45,
        "z": 0
      },
      "maxPos": {
        "x": 124.5,
        "y": 45,
        "z": 0
      }
    },
    "texture": "19b29fcd-6428-43c7-895d-e7fa4ae065f3@6c48a",
    "packable": true,
    "pixelsToUnit": 100,
    "pivot": {
      "x": 0.5,
      "y": 0.5
    },
    "meshType": 0
  }
}