{
  "__type__": "cc.SpriteFrame",
  "content": {
    "name": "tiledbackground5-sheet0",
    "atlas": "",
    "rect": {
      "x": 0,
      "y": 0,
      "width": 1067,
      "height": 197
    },
    "offset": {
      "x": 0,
      "y": 201.5
    },
    "originalSize": {
      "width": 1067,
      "height": 600
    },
    "rotated": false,
    "capInsets": [
      0,
      0,
      0,
      0
    ],
    "vertices": {
      "rawPosition": [
        -533.5,
        -98.5,
        0,
        533.5,
        -98.5,
        0,
        -533.5,
        98.5,
        0,
        533.5,
        98.5,
        0
      ],
      "indexes": [
        0,
        1,
        2,
        2,
        1,
        3
      ],
      "uv": [
        0,
        600,
        1067,
        600,
        0,
        403,
        1067,
        403
      ],
      "nuv": [
        0,
        0.6716666666666666,
        1,
        0.6716666666666666,
        0,
        1,
        1,
        1
      ],
      "minPos": {
        "x": -533.5,
        "y": -98.5,
        "z": 0
      },
      "maxPos": {
        "x": 533.5,
        "y": 98.5,
        "z": 0
      }
    },
    "texture": "19d6520d-1e01-49ba-bcbf-34200bded328@6c48a",
    "packable": true,
    "pixelsToUnit": 100,
    "pivot": {
      "x": 0.5,
      "y": 0.5
    },
    "meshType": 0
  }
}