{
  "__type__": "cc.SpriteFrame",
  "content": {
    "name": "jump_tiledbackground2-sheet0",
    "atlas": "",
    "rect": {
      "x": 0,
      "y": 236,
      "width": 640,
      "height": 124
    },
    "offset": {
      "x": 0,
      "y": -118
    },
    "originalSize": {
      "width": 640,
      "height": 360
    },
    "rotated": false,
    "capInsets": [
      0,
      0,
      0,
      0
    ],
    "vertices": {
      "rawPosition": [
        -320,
        -62,
        0,
        320,
        -62,
        0,
        -320,
        62,
        0,
        320,
        62,
        0
      ],
      "indexes": [
        0,
        1,
        2,
        2,
        1,
        3
      ],
      "uv": [
        0,
        124,
        640,
        124,
        0,
        0,
        640,
        0
      ],
      "nuv": [
        0,
        0,
        1,
        0,
        0,
        0.34444444444444444,
        1,
        0.34444444444444444
      ],
      "minPos": {
        "x": -320,
        "y": -62,
        "z": 0
      },
      "maxPos": {
        "x": 320,
        "y": 62,
        "z": 0
      }
    },
    "texture": "24a7689e-0810-4de5-b471-e31bd04f33de@6c48a",
    "packable": true,
    "pixelsToUnit": 100,
    "pivot": {
      "x": 0.5,
      "y": 0.5
    },
    "meshType": 0
  }
}