{
  "__type__": "cc.SpriteFrame",
  "content": {
    "name": "highscore2",
    "atlas": "",
    "rect": {
      "x": 1,
      "y": 0,
      "width": 98,
      "height": 193
    },
    "offset": {
      "x": 0,
      "y": 0.5
    },
    "originalSize": {
      "width": 100,
      "height": 194
    },
    "rotated": false,
    "capInsets": [
      0,
      0,
      0,
      0
    ],
    "vertices": {
      "rawPosition": [
        -49,
        -96.5,
        0,
        49,
        -96.5,
        0,
        -49,
        96.5,
        0,
        49,
        96.5,
        0
      ],
      "indexes": [
        0,
        1,
        2,
        2,
        1,
        3
      ],
      "uv": [
        1,
        194,
        99,
        194,
        1,
        1,
        99,
        1
      ],
      "nuv": [
        0.01,
        0.005154639175257732,
        0.99,
        0.005154639175257732,
        0.01,
        1,
        0.99,
        1
      ],
      "minPos": {
        "x": -49,
        "y": -96.5,
        "z": 0
      },
      "maxPos": {
        "x": 49,
        "y": 96.5,
        "z": 0
      }
    },
    "texture": "226faa46-8a44-4a36-b38b-ecddf504e35a@6c48a",
    "packable": true,
    "pixelsToUnit": 100,
    "pivot": {
      "x": 0.5,
      "y": 0.5
    },
    "meshType": 0
  }
}